{"cameraMode":{"drawMode":0,"name":"Shaded","section":"Shading Mode"},"sceneLighting":false,"audioPlay":false,"sceneViewState":{"showFog":true,"showMaterialUpdate":false,"showSkybox":false,"showFlares":true,"showImageEffects":true,"showParticleSystems":true},"in2DMode":false,"pivot":{"x":-0.027202129364013673,"y":0.0,"z":0.032418251037597659},"rotation":{"x":0.22644802927970887,"y":0.06277365982532501,"z":-0.014632965438067913,"w":0.9719647169113159},"size":35.939876556396487,"orthographic":false}