{"cameraMode":{"drawMode":0,"name":"Shaded","section":"Shading Mode"},"sceneLighting":true,"audioPlay":false,"sceneViewState":{"showFog":true,"showMaterialUpdate":false,"showSkybox":true,"showFlares":true,"showImageEffects":true,"showParticleSystems":true},"in2DMode":false,"pivot":{"x":-0.25738000869750979,"y":-16.16952133178711,"z":-15.512733459472657},"rotation":{"x":0.21904443204402924,"y":0.07019442319869995,"z":-0.015769783407449724,"w":0.9731463193893433},"size":50.63648986816406,"orthographic":false}