{"cameraMode":{"drawMode":0,"name":"Shaded","section":"Shading Mode"},"sceneLighting":true,"audioPlay":false,"sceneViewState":{"showFog":true,"showMaterialUpdate":false,"showSkybox":false,"showFlares":true,"showImageEffects":true,"showParticleSystems":true},"in2DMode":false,"pivot":{"x":-5.753363132476807,"y":3.3287386894226076,"z":-0.1550149917602539},"rotation":{"x":0.2707774043083191,"y":-0.08937419205904007,"z":0.0252571739256382,"w":0.9582433104515076},"size":31.151548385620118,"orthographic":false}