{"cameraMode":{"drawMode":0,"name":"Shaded","section":"Shading Mode"},"sceneLighting":true,"audioPlay":false,"sceneViewState":{"showFog":true,"showMaterialUpdate":false,"showSkybox":true,"showFlares":true,"showImageEffects":true,"showParticleSystems":true},"in2DMode":false,"pivot":{"x":-13.473669052124024,"y":9.734038352966309,"z":-7.477142333984375},"rotation":{"x":0.5367850661277771,"y":-0.16824445128440858,"z":0.11022576689720154,"w":0.8194994926452637},"size":113.8346939086914,"orthographic":false}