{"cameraMode":{"drawMode":0,"name":"Shaded","section":"Shading Mode"},"sceneLighting":true,"audioPlay":false,"sceneViewState":{"showFog":true,"showMaterialUpdate":false,"showSkybox":true,"showFlares":true,"showImageEffects":true,"showParticleSystems":true},"in2DMode":false,"pivot":{"x":15.63542366027832,"y":19.484039306640626,"z":-23.078460693359376},"rotation":{"x":0.4056355953216553,"y":-0.030159905552864076,"z":0.013385619968175888,"w":0.9134838581085205},"size":170.673828125,"orthographic":false}