{"cameraMode":{"drawMode":0,"name":"Shaded","section":"Shading Mode"},"sceneLighting":true,"audioPlay":false,"sceneViewState":{"showFog":true,"showMaterialUpdate":false,"showSkybox":true,"showFlares":true,"showImageEffects":true,"showParticleSystems":true},"in2DMode":false,"pivot":{"x":15.63542366027832,"y":19.484039306640626,"z":-23.078460693359376},"rotation":{"x":0.4503384530544281,"y":0.02945117838680744,"z":-0.014873996376991272,"w":0.8922951817512512},"size":53.9822883605957,"orthographic":false}